-- DROP SCHEMA public;

CREATE SCHEMA public AUTHORIZATION postgres;

-- DROP SEQUENCE public.hibernate_sequence;

CREATE SEQUENCE public.hibernate_sequence
    INCREMENT BY 1
    MINVALUE 1
    MAXVALUE 9223372036854775807
    START 1
    CACHE 1
    NO CYCLE;

-- Permissions

ALTER SEQUENCE public.hibernate_sequence OWNER TO postgres;
GRANT ALL ON SEQUENCE public.hibernate_sequence TO postgres;
-- public."User" definition

-- Drop table

-- DROP TABLE public."User";

CREATE TABLE public."User"
(
    id           int4         NOT NULL,
    deleted      bool         NOT NULL,
    firstname    varchar(255) NULL,
    lastname     varchar(255) NULL,
    passwordhash varchar(255) NULL,
    salt         varchar(255) NULL,
    username     varchar(255) NULL,
    CONSTRAINT "User_pkey" PRIMARY KEY (id),
    CONSTRAINT uktey54ensfdq86nixhse54i7wq UNIQUE (username)
);

-- Permissions

ALTER TABLE public."User"
    OWNER TO postgres;
GRANT ALL ON TABLE public."User" TO postgres;


-- public.ingredient definition

-- Drop table

-- DROP TABLE public.ingredient;

CREATE TABLE public.ingredient
(
    id      int4         NOT NULL,
    deleted bool         NOT NULL,
    "name"  varchar(255) NULL,
    CONSTRAINT ingredient_pkey PRIMARY KEY (id),
    CONSTRAINT uketn0e357qi11y18ef475hxl7u UNIQUE (name)
);

-- Permissions

ALTER TABLE public.ingredient
    OWNER TO postgres;
GRANT ALL ON TABLE public.ingredient TO postgres;


-- public.item definition

-- Drop table

-- DROP TABLE public.item;

CREATE TABLE public.item
(
    id          int4         NOT NULL,
    deleted     bool         NOT NULL,
    description varchar(255) NULL,
    "name"      varchar(255) NULL,
    CONSTRAINT item_pkey PRIMARY KEY (id)
);

-- Permissions

ALTER TABLE public.item
    OWNER TO postgres;
GRANT ALL ON TABLE public.item TO postgres;


-- public.servingunit definition

-- Drop table

-- DROP TABLE public.servingunit;

CREATE TABLE public.servingunit
(
    id           int4         NOT NULL,
    deleted      bool         NOT NULL,
    abbreviation varchar(255) NULL,
    "name"       varchar(255) NULL,
    CONSTRAINT servingunit_pkey PRIMARY KEY (id),
    CONSTRAINT uki6oxt2911gxkxojpw4synf9w3 UNIQUE (name, abbreviation)
);

-- Permissions

ALTER TABLE public.servingunit
    OWNER TO postgres;
GRANT ALL ON TABLE public.servingunit TO postgres;


-- public."Order" definition

-- Drop table

-- DROP TABLE public."Order";

CREATE TABLE public."Order"
(
    id        int4 NOT NULL,
    deleted   bool NOT NULL,
    fk_userid int4 NOT NULL,
    CONSTRAINT "Order_pkey" PRIMARY KEY (id),
    CONSTRAINT fkfj1gjdhk7e24rqwf85omubuqd FOREIGN KEY (fk_userid) REFERENCES public."User" (id)
);

-- Permissions

ALTER TABLE public."Order"
    OWNER TO postgres;
GRANT ALL ON TABLE public."Order" TO postgres;


-- public.employee definition

-- Drop table

-- DROP TABLE public.employee;

CREATE TABLE public.employee
(
    id        int4 NOT NULL,
    deleted   bool NOT NULL,
    fk_userid int4 NOT NULL,
    CONSTRAINT employee_pkey PRIMARY KEY (id),
    CONSTRAINT fk6ohkcka5k7dtfwrxbet07gupd FOREIGN KEY (fk_userid) REFERENCES public."User" (id)
);

-- Permissions

ALTER TABLE public.employee
    OWNER TO postgres;
GRANT ALL ON TABLE public.employee TO postgres;


-- public.orderitem definition

-- Drop table

-- DROP TABLE public.orderitem;

CREATE TABLE public.orderitem
(
    id         int4 NOT NULL,
    deleted    bool NOT NULL,
    fk_itemid  int4 NOT NULL,
    fk_orderid int4 NOT NULL,
    CONSTRAINT orderitem_pkey PRIMARY KEY (id),
    CONSTRAINT fkhmqq95sbjsdh4pu6hyaduuj5j FOREIGN KEY (fk_orderid) REFERENCES public."Order" (id),
    CONSTRAINT fkmidb62v8ce1lduaggmqfclbje FOREIGN KEY (fk_itemid) REFERENCES public.item (id)
);

-- Permissions

ALTER TABLE public.orderitem
    OWNER TO postgres;
GRANT ALL ON TABLE public.orderitem TO postgres;


-- public.serving definition

-- Drop table

-- DROP TABLE public.serving;

CREATE TABLE public.serving
(
    id               int4   NOT NULL,
    deleted          bool   NOT NULL,
    amount           float4 NOT NULL,
    fk_servingunitid int4   NOT NULL,
    CONSTRAINT serving_pkey PRIMARY KEY (id),
    CONSTRAINT fkf4vumt55s0tahm161x1ggsns1 FOREIGN KEY (fk_servingunitid) REFERENCES public.servingunit (id)
);

-- Permissions

ALTER TABLE public.serving
    OWNER TO postgres;
GRANT ALL ON TABLE public.serving TO postgres;


-- public.addiningredient definition

-- Drop table

-- DROP TABLE public.addiningredient;

CREATE TABLE public.addiningredient
(
    id              int4 NOT NULL,
    deleted         bool NOT NULL,
    fk_ingredientid int4 NOT NULL,
    fk_orderitemid  int4 NOT NULL,
    fk_servingid    int4 NOT NULL,
    CONSTRAINT addiningredient_pkey PRIMARY KEY (id),
    CONSTRAINT fkgvs48eo4fnj2c5a7fmvs4jkyv FOREIGN KEY (fk_orderitemid) REFERENCES public.orderitem (id),
    CONSTRAINT fkkfjm1g8goro1h0bumaqj8f34u FOREIGN KEY (fk_ingredientid) REFERENCES public.ingredient (id),
    CONSTRAINT fkrka5cdtxi5nheeo5jdnw4lk6b FOREIGN KEY (fk_servingid) REFERENCES public.serving (id)
);

-- Permissions

ALTER TABLE public.addiningredient
    OWNER TO postgres;
GRANT ALL ON TABLE public.addiningredient TO postgres;


-- public.ingredientitem definition

-- Drop table

-- DROP TABLE public.ingredientitem;

CREATE TABLE public.ingredientitem
(
    id              int4 NOT NULL,
    deleted         bool NOT NULL,
    fk_ingredientid int4 NOT NULL,
    fk_itemid       int4 NOT NULL,
    fk_servingid    int4 NOT NULL,
    CONSTRAINT ingredientitem_pkey PRIMARY KEY (id),
    CONSTRAINT fk25b052qiwlg71j84qui1xxxdd FOREIGN KEY (fk_servingid) REFERENCES public.serving (id),
    CONSTRAINT fkkws90q5pjdod82o2i2tcv16nn FOREIGN KEY (fk_ingredientid) REFERENCES public.ingredient (id),
    CONSTRAINT fkld0cm9x4ips5xwbxj5ntrcqew FOREIGN KEY (fk_itemid) REFERENCES public.item (id)
);

-- Permissions

ALTER TABLE public.ingredientitem
    OWNER TO postgres;
GRANT ALL ON TABLE public.ingredientitem TO postgres;


-- Permissions

GRANT ALL ON SCHEMA public TO postgres;

-- Users
INSERT INTO public."User" (id, deleted, firstname, lastname, passwordhash, salt, username)
VALUES (3, false, 'nHyVqLUScS', 'pEyuNJAWfN', '2b49a9bbc88be945eacb3aaf7d26abe6fc0cf98de6be6e308972e5ea22ce2cb9',
        '慎𛈴𧂪𔐖艹呔薟𪄜𭬦㭯犏䥚', 'SDOGyuxKVE'),
       (5, false, 'zPRUlowBeP', 'TnyGccKpgo', '89c6e42346369cb29521b5c54d0f1be25898aceb252f2a1e02d01ac531a52c1a',
        '捺𫘆㿶𝐚𛇎𫳔詈🖷', 'yiSHUpeUYM'),
       (15, false, 'ImxQBemfaE', 'wjpOerWhzd', '1b8094be45c81b6bdaf0bd25fe3078b046d6699d8fece5abe97e6b4928fa022e',
        'ꨛ💿㦞茱ః䡕ᮼᾋۀ팲˂兑𭉯醸讅ໝ', 'CkRMQXpjys'),
       (17, false, 'FgVSWRLHmx', 'CVINDbWRUB', '12b867a8ade6d58ef7113174a7c4230b414cdd30ca12c351d85a0d4b3937e498',
        '𩈝伷𫲻𤵦𧼎𤎛R𩒍𨢈𠈜눲', 'TsUKbWNmoW'),
       (116, false, 'yZcujqqPSf', 'alfDiOibHH', 'c10f54ab471e02e756720b6bd5265a98cde1ae76c07fe3e62dfb4659fd42953e',
        '𘊊퓦𤀎䓵𪊏𥶗𧟈삋𤏲鵌Ὑ𑖟', 'nCbUqZbYyk'),
       (118, false, 'rWpZAufFHC', 'GsCMbZNJfa', 'a8898162eebbd5a9c8363109f5000c8cb3442d2473ed5886efdcfb5cc9f9fb6f',
        '㴍𝙢议𑄻ᚼ펌𝖹ꢣ𢞡', 'QwQCqZVuBV'),
       (241, false, 'bmJCedSgBZ', 'EQOEhPHBml', '84e75c2619aaccf7a84aa1f217f569312d226f0d81934011f637efc3f30319b8',
        '𪟔𞺵𢲙「酠秧枺', 'YjrdLwdgfY'),
       (243, false, 'MtPqqNokRf', 'MIUVsbiiGK', '05bfa9121d5fc5aa971962d2a5d4d86179534dde90c983520d398f4ba71cc0af',
        'ꔍ鱾𩀁𑜤𘗊𧻙管', 'BTmfaTrUKA'),
       (324, false, 'UtLJpsjZzI', 'acEtDCEBpv', '8dec41886f916aab5bde10e331ab6494c4ff8d4b4bf3820e490c8a406f5cf2cb',
        '吺𫌭쮶𠮚𬫃𢜚⸢伌駺렐', 'hIOPDKBZWN'),
       (326, false, 'lnzGvYYnMT', 'etcnoAIZKg', 'bad151b93505f561171bab6f1c7defacaff01ef9b1716b725bafcc33d4651d77',
        '溎勯𢳋ᠩ𧌢틳𣡢㉮', 'UpDDsOveCc');
INSERT INTO public."User" (id, deleted, firstname, lastname, passwordhash, salt, username)
VALUES (465, false, 'DNwnwGeeZN', 'msTigOGKnA', '2636fb872f3b3519244cfaf6b4cd006540ab17409813b9ba653530fca0c79821',
        '𡲺𣈝𬑑𰉪𤫱𨙠', 'wSiEtvQZjW'),
       (467, false, 'LAjFzzYrPS', 'FIODzHPOms', 'e9520683df4e618ee90c599c3bdabb03d81397fbfc72fb772e1888b80661a628',
        '垩𨀞竐螂ᩎ𬶈𣇬닉', 'BNqcWpQLzB'),
       (544, false, 'ycStkRTqDf', 'adNgRpBFTN', '78df52ec2c960cad05e4516eff5fbff781edb3d0272f9343ba95d2e295b2c48d',
        '𠔬𢁈𢂓꿻𢼦냿𩐘鏵', 'HYnkcPXfcd'),
       (546, false, 'ctyrNJlWFu', 'UOadeTZYel', 'bfa6d0b11083a03961da566c48c38c1dff29f643e63cd6b60c149b7d966885e4',
        '곤𰭘𗟟𧴬𘅧🥗㖒𑄆觬', 'BsBPknTGQO'),
       (667, false, 'iOsXSfmvhF', 'EnHzhNzlKv', '074de0e4432c5e0de76faed023edea878c3fa16016b4e956c8fb7feb452f7c0c',
        '𝚆𭛘𮙤𘋘𰫈̓܉칵', 'lcADqEXnny'),
       (669, false, 'rSyoLMfVYi', 'lIgMGNAsEa', 'ae9df9b074e335594a788247ef25a531494e7459fe8b4eaf49b8a6bbc616515b',
        '𡆇𮕟𭶴🞵請𤃮𮖯䪔', 'cQqZtRyiia'),
       (810, false, 'yAkCBqYJGb', 'wwQOPTHteG', '0b77fa537ce7896290ef9f3e10e3341ea764906b8c85a834650ac3b2e9ef5b08',
        '𩍲윁䕵붡𐙏𣧉𔓨', 'QNzKmyzxVP'),
       (812, false, 'PfAxLWCNqI', 'izjPipHIVZ', '41d423c7c7b3e42c7d5be6e4a496aafe22c00a745c7773631f5d8252c878fd27',
        'ᮐ𤃉𮈿𝖞𠽨𫑁麻𰬠𠄏䙕', 'aetGOwVIxP'),
       (869, false, 'qUApPXARHV', 'obaRIslTof', '849410fb0540be5ec6cc4367d74aed6e366ecfdc0413d379ad97fe8fa92fabeb',
        '𢥺𡙁𮗌𰖕婱𮝽𝂵𥷑ꧡ', 'KpXxzasjYv'),
       (871, false, 'hnatNuuxRe', 'PBBSaCprMO', '5ef7570b17774fe1e2259ef9e465454fe32603caea2e67c3271dcc3366934696',
        '鯴𨅇쏭𫶩嫮꒷뵕󠆄뻕𬥮𐬀艏', 'exlwcjamoE');
INSERT INTO public."User" (id, deleted, firstname, lastname, passwordhash, salt, username)
VALUES (1008, false, 'RQwtfjogxK', 'aCknlNfMCo', '5bb99ccb48a751ce01b155ac819d22cb3c372b862106caabf1dfa072d9192d25',
        '𣓞𨊱漋𩹫𱊃ˏ叫𘈈𩵺𤄐/', 'vOjomFrmtQ'),
       (1010, false, 'EGASZRROsy', 'LHoTUqgFCJ', '418bf6d81fb4bd0bb66f2d787648ab757f12d1decc406a216f043ed13a52e254',
        '𢱈ꄞ𢞗𡃤桒⚟샟燿𪘗𢴈𰘘㩤쨉', 'kOeQsYXAvF');
-- Employee
INSERT INTO public.employee (id, deleted, fk_userid)
VALUES (2, false, 3),
       (14, false, 15),
       (115, false, 116),
       (240, false, 241),
       (323, false, 324),
       (464, false, 465),
       (543, false, 544),
       (666, false, 667),
       (809, false, 810),
       (868, false, 869);
INSERT INTO public.employee (id, deleted, fk_userid)
VALUES (1007, false, 1008);
-- Serving Unit
INSERT INTO public.servingunit (id, deleted, abbreviation, "name")
VALUES (1, false, 'Ur', 'DNxdgJzGXh'),
       (13, false, 'Yr', 'qdNhtmOcPw'),
       (114, false, 'cx', 'ZBKWyfnXuB'),
       (239, false, 'Ii', 'qfSxfWnwtu'),
       (322, false, 'hS', 'bcnGOGYBjX'),
       (463, false, 'JY', 'LWOafUBXNQ'),
       (542, false, 'AT', 'rwySNnfuBT'),
       (665, false, 'eh', 'ogMsvmyAtf'),
       (808, false, 'qa', 'YqATKbNsnz'),
       (867, false, 'kS', 'PyesvKYLZh');
INSERT INTO public.servingunit (id, deleted, abbreviation, "name")
VALUES (1006, false, 'sG', 'KazFsbEqLR');
-- Serving
INSERT INTO public.serving (id, deleted, amount, fk_servingunitid)
VALUES (8, false, 170734809024748900000000000000000000000, 1),
       (10, false, 302760213390326930000000000000000000000, 1),
       (12, false, 261912028638450970000000000000000000000, 1),
       (21, false, 178196180175282660000000000000000000000, 1),
       (23, false, 185965235479503800000000000000000000000, 1),
       (25, false, 139749422579274260000000000000000000000, 1),
       (27, false, 238839956135503440000000000000000000000, 1),
       (29, false, 127593525466698500000000000000000000000, 1),
       (31, false, 153551115536728740000000000000000000000, 1),
       (33, false, 170539611114723370000000000000000000000, 1);
INSERT INTO public.serving (id, deleted, amount, fk_servingunitid)
VALUES (35, false, 299092869780252250000000000000000000000, 1),
       (37, false, 295387598064218750000000000000000000000, 1),
       (39, false, 27315819376247174000000000000000000000, 1),
       (43, false, 315357151499734100000000000000000000000, 1),
       (45, false, 264283164015575470000000000000000000000, 1),
       (47, false, 45789238332047950000000000000000000000, 1),
       (49, false, 303011735551821800000000000000000000000, 1),
       (51, false, 301084257602367600000000000000000000000, 1),
       (53, false, 122812008249866430000000000000000000000, 1),
       (55, false, 121867436152214770000000000000000000000, 1);
INSERT INTO public.serving (id, deleted, amount, fk_servingunitid)
VALUES (57, false, 5632181124193525000000000000000000000, 1),
       (59, false, 51665295783141080000000000000000000000, 1),
       (61, false, 23761306810797615000000000000000000000, 1),
       (64, false, 198371721762732700000000000000000000000, 1),
       (66, false, 59542821413922560000000000000000000000, 1),
       (68, false, 338920585657739700000000000000000000000, 1),
       (70, false, 117769152185291300000000000000000000000, 1),
       (72, false, 167848064371885180000000000000000000000, 1),
       (74, false, 242466653796732400000000000000000000000, 1),
       (76, false, 213722179517522000000000000000000000000, 1);
INSERT INTO public.serving (id, deleted, amount, fk_servingunitid)
VALUES (78, false, 126684325891395600000000000000000000000, 1),
       (80, false, 87269357049342480000000000000000000000, 1),
       (82, false, 83519347408325730000000000000000000000, 1),
       (86, false, 156136635983363840000000000000000000000, 1),
       (88, false, 234187272784473770000000000000000000000, 1),
       (90, false, 42050766846794473000000000000000000000, 1),
       (92, false, 156062645753129710000000000000000000000, 1),
       (94, false, 9031959186776825000000000000000000000, 1),
       (96, false, 320053928809242100000000000000000000000, 1),
       (98, false, 250346004844378200000000000000000000000, 1);
INSERT INTO public.serving (id, deleted, amount, fk_servingunitid)
VALUES (100, false, 54635492410319040000000000000000000000, 1),
       (102, false, 188172428139802000000000000000000000000, 1),
       (104, false, 31445723619742727000000000000000000000, 1),
       (111, false, 328922270431571580000000000000000000000, 1),
       (113, false, 109064631585330530000000000000000000000, 1),
       (122, false, 34656510189639200000000000000000000000, 1),
       (124, false, 48641776701115130000000000000000000000, 1),
       (126, false, 167357980508632140000000000000000000000, 1),
       (128, false, 22250348424963980000000000000000000000, 1),
       (130, false, 191292917422143000000000000000000000000, 13);
INSERT INTO public.serving (id, deleted, amount, fk_servingunitid)
VALUES (132, false, 186014359475563860000000000000000000000, 13),
       (134, false, 200021452395074500000000000000000000000, 13),
       (136, false, 88718940863715470000000000000000000000, 13),
       (138, false, 48614476577788610000000000000000000000, 13),
       (140, false, 276270473739525700000000000000000000000, 13),
       (143, false, 27948508861423485000000000000000000000, 1),
       (145, false, 274448910533021730000000000000000000000, 1),
       (147, false, 97867463692309780000000000000000000000, 1),
       (149, false, 264266512157290870000000000000000000000, 1),
       (151, false, 249994754074862170000000000000000000000, 1);
INSERT INTO public.serving (id, deleted, amount, fk_servingunitid)
VALUES (153, false, 259931715011979230000000000000000000000, 13),
       (155, false, 248928852602961460000000000000000000000, 13),
       (157, false, 302014936249440750000000000000000000000, 13),
       (159, false, 310950818295750370000000000000000000000, 1),
       (161, false, 111385182632903530000000000000000000000, 13),
       (165, false, 139282764899113440000000000000000000000, 13),
       (167, false, 322766072339032800000000000000000000000, 13),
       (169, false, 291662490151592880000000000000000000000, 13),
       (171, false, 56109131162481960000000000000000000000, 1),
       (173, false, 97132348038635030000000000000000000000, 13);
INSERT INTO public.serving (id, deleted, amount, fk_servingunitid)
VALUES (175, false, 282529645625622200000000000000000000000, 13),
       (177, false, 109373228447450100000000000000000000000, 1),
       (179, false, 257320740141291550000000000000000000000, 1),
       (181, false, 224055661562390460000000000000000000000, 13),
       (183, false, 157755496788288900000000000000000000000, 1),
       (186, false, 257014252649770770000000000000000000000, 1),
       (188, false, 39960968773282223000000000000000000000, 13),
       (190, false, 29113794140382084000000000000000000000, 13),
       (192, false, 194581811551423150000000000000000000000, 13),
       (194, false, 257909295103170300000000000000000000000, 1);
INSERT INTO public.serving (id, deleted, amount, fk_servingunitid)
VALUES (196, false, 171448344194605370000000000000000000000, 13),
       (198, false, 122163255096284030000000000000000000000, 13),
       (200, false, 72197138460098460000000000000000000000, 1),
       (202, false, 196189131665283740000000000000000000000, 13),
       (204, false, 272556379175314600000000000000000000000, 13),
       (210, false, 83129985991164430000000000000000000000, 1),
       (212, false, 237530442641853280000000000000000000000, 13),
       (214, false, 51510946646057300000000000000000000000, 13),
       (216, false, 228922506876425100000000000000000000000, 1),
       (218, false, 14505511585460190000000000000000000000, 1);
INSERT INTO public.serving (id, deleted, amount, fk_servingunitid)
VALUES (220, false, 103663446190287700000000000000000000000, 1),
       (222, false, 196474119802624650000000000000000000000, 13),
       (224, false, 295644515346668200000000000000000000000, 1),
       (226, false, 252396089959886500000000000000000000000, 13),
       (228, false, 123774935928209400000000000000000000000, 1),
       (232, false, 234149567785020600000000000000000000000, 1),
       (234, false, 312734575090753120000000000000000000000, 13),
       (236, false, 113640748840106420000000000000000000000, 1),
       (238, false, 196764036565499240000000000000000000000, 1),
       (247, false, 66973201042581940000000000000000000000, 114);
INSERT INTO public.serving (id, deleted, amount, fk_servingunitid)
VALUES (249, false, 304968622995201330000000000000000000000, 13),
       (251, false, 138190293470631950000000000000000000000, 13),
       (253, false, 121654328874509200000000000000000000000, 114),
       (255, false, 1508788009549719000000000000000000000, 114),
       (257, false, 116944286869120400000000000000000000000, 1),
       (259, false, 174742248079057600000000000000000000000, 1),
       (261, false, 249496618094996500000000000000000000000, 114),
       (263, false, 263141629438262750000000000000000000000, 1),
       (265, false, 288762714050558800000000000000000000000, 1),
       (274, false, 5393538292796959000000000000000000000, 114);
INSERT INTO public.serving (id, deleted, amount, fk_servingunitid)
VALUES (276, false, 168355915625951010000000000000000000000, 13),
       (278, false, 309546119453830270000000000000000000000, 114),
       (280, false, 300925486899990200000000000000000000000, 114),
       (282, false, 68510242607165870000000000000000000000, 114),
       (284, false, 92228101961291260000000000000000000000, 13),
       (286, false, 170128963308683030000000000000000000000, 13),
       (288, false, 133760189282592750000000000000000000000, 114),
       (290, false, 210059440014427360000000000000000000000, 13),
       (292, false, 201209048324597130000000000000000000000, 114),
       (296, false, 46303681369234970000000000000000000000, 13);
INSERT INTO public.serving (id, deleted, amount, fk_servingunitid)
VALUES (298, false, 52848977207610200000000000000000000000, 1),
       (300, false, 121042956201826330000000000000000000000, 1),
       (302, false, 152450510861996180000000000000000000000, 13),
       (304, false, 243543041274398200000000000000000000000, 1),
       (306, false, 4020764280505653400000000000000000000, 1),
       (308, false, 253293809691353730000000000000000000000, 1),
       (310, false, 248476575151209630000000000000000000000, 1),
       (312, false, 16729761752235047000000000000000000000, 13),
       (314, false, 216431463227558600000000000000000000000, 114),
       (317, false, 155363490811682240000000000000000000000, 13);
INSERT INTO public.serving (id, deleted, amount, fk_servingunitid)
VALUES (319, false, 22694634607331970000000000000000000000, 114),
       (321, false, 55605742038528930000000000000000000000, 1),
       (333, false, 339397871320532800000000000000000000000, 114),
       (335, false, 208485667006051220000000000000000000000, 1),
       (337, false, 298301794958481030000000000000000000000, 114),
       (339, false, 254943824277430000000000000000000000000, 1),
       (341, false, 315003122040102360000000000000000000000, 13),
       (343, false, 280454897100035850000000000000000000000, 1),
       (345, false, 323440421893535000000000000000000000000, 114),
       (347, false, 95034416718871720000000000000000000000, 1);
INSERT INTO public.serving (id, deleted, amount, fk_servingunitid)
VALUES (349, false, 163742073089312330000000000000000000000, 114),
       (351, false, 155939288137920300000000000000000000000, 1),
       (354, false, 79069609847790190000000000000000000000, 239),
       (356, false, 196770060441151530000000000000000000000, 13),
       (358, false, 184394869915941100000000000000000000000, 13),
       (360, false, 191689235705798370000000000000000000000, 114),
       (362, false, 135192512766393030000000000000000000000, 13),
       (364, false, 59821319180190305000000000000000000000, 114),
       (366, false, 24795669135764643000000000000000000000, 13),
       (368, false, 151484135174020600000000000000000000000, 1);
INSERT INTO public.serving (id, deleted, amount, fk_servingunitid)
VALUES (370, false, 179476831800066830000000000000000000000, 13),
       (372, false, 48141835586794720000000000000000000000, 239),
       (375, false, 58506958190644870000000000000000000000, 239),
       (377, false, 86685385912034150000000000000000000000, 1),
       (379, false, 310695442476430800000000000000000000000, 114),
       (381, false, 68506612055846820000000000000000000000, 239),
       (383, false, 169149992244343580000000000000000000000, 239),
       (385, false, 122472156194547640000000000000000000000, 114),
       (387, false, 60954700228842360000000000000000000000, 239),
       (389, false, 101014482366412370000000000000000000000, 1);
INSERT INTO public.serving (id, deleted, amount, fk_servingunitid)
VALUES (391, false, 21884352343666086000000000000000000000, 239),
       (393, false, 196509390912925400000000000000000000000, 13),
       (397, false, 322590102153311530000000000000000000000, 13),
       (399, false, 37900742452972097000000000000000000000, 114),
       (401, false, 293078425448433400000000000000000000000, 13),
       (403, false, 285130459009098440000000000000000000000, 13),
       (405, false, 54884621247480700000000000000000000000, 114),
       (407, false, 283605769431963140000000000000000000000, 1),
       (409, false, 308777598671538300000000000000000000000, 1),
       (411, false, 92812133945828410000000000000000000000, 13);
INSERT INTO public.serving (id, deleted, amount, fk_servingunitid)
VALUES (413, false, 240397239544871820000000000000000000000, 13),
       (415, false, 328054487536679340000000000000000000000, 114),
       (418, false, 146019364424870300000000000000000000000, 1),
       (420, false, 223019352126101500000000000000000000000, 239),
       (422, false, 289768924390995960000000000000000000000, 239),
       (424, false, 248646278072363400000000000000000000000, 239),
       (426, false, 87950399799013900000000000000000000000, 114),
       (428, false, 324577169822181280000000000000000000000, 1),
       (430, false, 279489109601938770000000000000000000000, 239),
       (432, false, 123271364262569930000000000000000000000, 114);
INSERT INTO public.serving (id, deleted, amount, fk_servingunitid)
VALUES (434, false, 257954240922852000000000000000000000000, 13),
       (436, false, 334078525448240700000000000000000000000, 13),
       (439, false, 109996770565895160000000000000000000000, 13),
       (441, false, 339442411492022440000000000000000000000, 1),
       (443, false, 43893299529527400000000000000000000000, 114),
       (445, false, 252255715403019630000000000000000000000, 13),
       (447, false, 277506057850170540000000000000000000000, 1),
       (449, false, 164707860587409410000000000000000000000, 13),
       (451, false, 278790684827237020000000000000000000000, 114),
       (453, false, 304667855143188800000000000000000000000, 114);
INSERT INTO public.serving (id, deleted, amount, fk_servingunitid)
VALUES (455, false, 194264067322572350000000000000000000000, 239),
       (457, false, 53699885137712190000000000000000000000, 239),
       (460, false, 56669696399107680000000000000000000000, 114),
       (462, false, 25162050582845007000000000000000000000, 239),
       (475, false, 196468237903839600000000000000000000000, 322),
       (477, false, 228985686582340470000000000000000000000, 1),
       (479, false, 263709577471984200000000000000000000000, 1),
       (481, false, 172461105753344500000000000000000000000, 322),
       (483, false, 332626994522545780000000000000000000000, 239),
       (485, false, 34303819369041303000000000000000000000, 239);
INSERT INTO public.serving (id, deleted, amount, fk_servingunitid)
VALUES (487, false, 95375587130814740000000000000000000000, 239),
       (489, false, 214506236625570370000000000000000000000, 13),
       (491, false, 39946324873548386000000000000000000000, 322),
       (493, false, 287153041177184200000000000000000000000, 322),
       (496, false, 284483328448284330000000000000000000000, 13),
       (498, false, 60817124644500790000000000000000000000, 239),
       (500, false, 71690544715428060000000000000000000000, 239),
       (502, false, 164070891513806730000000000000000000000, 114),
       (504, false, 221001576889091800000000000000000000000, 239),
       (506, false, 193912208080768200000000000000000000000, 114);
INSERT INTO public.serving (id, deleted, amount, fk_servingunitid)
VALUES (508, false, 311313305520186840000000000000000000000, 1),
       (510, false, 243103663435154300000000000000000000000, 239),
       (512, false, 332248707301028070000000000000000000000, 239),
       (514, false, 470896664153899600000000000000000000, 13),
       (519, false, 34429874544728000000000000000000000000, 13),
       (521, false, 298637793355975120000000000000000000000, 114),
       (523, false, 2356126235561475000000000000000000000, 1),
       (525, false, 149188064994839200000000000000000000000, 322),
       (527, false, 339920102803007640000000000000000000000, 239),
       (529, false, 453068426112289760000000000000000000, 1);
INSERT INTO public.serving (id, deleted, amount, fk_servingunitid)
VALUES (531, false, 243272940425706360000000000000000000000, 322),
       (533, false, 227149256369597040000000000000000000000, 322),
       (535, false, 335850599575311760000000000000000000000, 1),
       (537, false, 230449244976930370000000000000000000000, 322),
       (541, false, 295364313857993760000000000000000000000, 13),
       (551, false, 132131146708046660000000000000000000000, 1),
       (553, false, 294564598729731380000000000000000000000, 239),
       (555, false, 48206597320659180000000000000000000000, 322),
       (557, false, 196671366236020160000000000000000000000, 463),
       (559, false, 326426357670565400000000000000000000000, 1);
INSERT INTO public.serving (id, deleted, amount, fk_servingunitid)
VALUES (561, false, 180387552556090000000000000000000000000, 1),
       (563, false, 131716229454784750000000000000000000000, 322),
       (565, false, 181130902868063830000000000000000000000, 322),
       (567, false, 157313786471940570000000000000000000000, 239),
       (569, false, 227169741603296720000000000000000000000, 13),
       (572, false, 143727817223030540000000000000000000000, 239),
       (574, false, 58678445963843740000000000000000000000, 239),
       (576, false, 158198647155719080000000000000000000000, 114),
       (578, false, 325465397385954000000000000000000000000, 322),
       (580, false, 247491235410254630000000000000000000000, 239);
INSERT INTO public.serving (id, deleted, amount, fk_servingunitid)
VALUES (582, false, 88260801795588190000000000000000000000, 13),
       (584, false, 35717543883235030000000000000000000000, 13),
       (586, false, 244214064513725400000000000000000000000, 322),
       (588, false, 86232236316669360000000000000000000000, 322),
       (590, false, 58852915251254350000000000000000000000, 114),
       (593, false, 41353153368476874000000000000000000000, 13),
       (595, false, 233548072645814700000000000000000000000, 114),
       (597, false, 195840882692389040000000000000000000000, 463),
       (599, false, 254119810822462450000000000000000000000, 239),
       (601, false, 157980692382118240000000000000000000000, 13);
INSERT INTO public.serving (id, deleted, amount, fk_servingunitid)
VALUES (603, false, 248703413620216870000000000000000000000, 1),
       (605, false, 80575720737728550000000000000000000000, 114),
       (607, false, 294012896906102450000000000000000000000, 13),
       (609, false, 160930444340415720000000000000000000000, 13),
       (611, false, 85969356005796430000000000000000000000, 13),
       (614, false, 167490242101657550000000000000000000000, 239),
       (616, false, 100055002697702030000000000000000000000, 322),
       (618, false, 319333558467349200000000000000000000000, 463),
       (620, false, 152508843072016280000000000000000000000, 114),
       (622, false, 162422844321462010000000000000000000000, 1);
INSERT INTO public.serving (id, deleted, amount, fk_servingunitid)
VALUES (624, false, 185904733051656120000000000000000000000, 463),
       (626, false, 262633352253595240000000000000000000000, 239),
       (628, false, 276407319157121520000000000000000000000, 322),
       (630, false, 247488314743271700000000000000000000000, 13),
       (632, false, 191631329426379940000000000000000000000, 114),
       (637, false, 28721836574791515000000000000000000000, 463),
       (639, false, 306965487067909650000000000000000000000, 114),
       (641, false, 32874801918006420000000000000000000000, 114),
       (643, false, 66691985433427310000000000000000000000, 1),
       (645, false, 286042782075480300000000000000000000000, 114);
INSERT INTO public.serving (id, deleted, amount, fk_servingunitid)
VALUES (647, false, 338306921072771600000000000000000000000, 239),
       (649, false, 27599002379133360000000000000000000000, 13),
       (651, false, 72960811746495160000000000000000000000, 463),
       (653, false, 215658926528165100000000000000000000000, 13),
       (655, false, 322621134240005100000000000000000000000, 13),
       (660, false, 158111108275869720000000000000000000000, 239),
       (662, false, 124184376930878310000000000000000000000, 322),
       (664, false, 193531101604315600000000000000000000000, 322),
       (674, false, 90990834410649300000000000000000000000, 239),
       (676, false, 23005766770651987000000000000000000000, 1);
INSERT INTO public.serving (id, deleted, amount, fk_servingunitid)
VALUES (678, false, 279996250971668480000000000000000000000, 239),
       (680, false, 8149978605162032000000000000000000000, 114),
       (682, false, 55560816501256840000000000000000000000, 114),
       (684, false, 308607348125325250000000000000000000000, 542),
       (686, false, 321605573708740670000000000000000000000, 114),
       (688, false, 240827388887746060000000000000000000000, 322),
       (690, false, 303934524341559150000000000000000000000, 239),
       (692, false, 251427767160588970000000000000000000000, 114),
       (695, false, 137421022239184650000000000000000000000, 13),
       (697, false, 32668692071614110000000000000000000000, 1);
INSERT INTO public.serving (id, deleted, amount, fk_servingunitid)
VALUES (699, false, 246108948630946560000000000000000000000, 322),
       (701, false, 324207867708118000000000000000000000000, 463),
       (703, false, 274586749788688140000000000000000000000, 463),
       (705, false, 210523927476760600000000000000000000000, 13),
       (707, false, 35155457465889033000000000000000000000, 463),
       (709, false, 329048183630391050000000000000000000000, 1),
       (711, false, 85961709537375850000000000000000000000, 114),
       (713, false, 242876581577231800000000000000000000000, 13),
       (718, false, 266913386892977020000000000000000000000, 13),
       (720, false, 58002169580429180000000000000000000000, 542);
INSERT INTO public.serving (id, deleted, amount, fk_servingunitid)
VALUES (722, false, 126100253342039250000000000000000000000, 13),
       (724, false, 182266251310447440000000000000000000000, 463),
       (726, false, 278666252244318620000000000000000000000, 114),
       (728, false, 162930127668058940000000000000000000000, 239),
       (730, false, 19013094578185341000000000000000000000, 322),
       (732, false, 172266414903559060000000000000000000000, 239),
       (734, false, 166369375299730950000000000000000000000, 542),
       (736, false, 182096730930980120000000000000000000000, 542),
       (739, false, 188956424400621550000000000000000000000, 114),
       (741, false, 154038887205286950000000000000000000000, 239);
INSERT INTO public.serving (id, deleted, amount, fk_servingunitid)
VALUES (743, false, 305495904797667470000000000000000000000, 1),
       (745, false, 125724379727264370000000000000000000000, 239),
       (747, false, 183660058498410400000000000000000000000, 1),
       (749, false, 125345017538037670000000000000000000000, 463),
       (751, false, 77666614728276790000000000000000000000, 322),
       (753, false, 215190666537645600000000000000000000000, 322),
       (755, false, 166794535169842700000000000000000000000, 239),
       (757, false, 280442605959816040000000000000000000000, 463),
       (761, false, 62454929219995660000000000000000000000, 1),
       (763, false, 192870888889307100000000000000000000000, 1);
INSERT INTO public.serving (id, deleted, amount, fk_servingunitid)
VALUES (765, false, 213266393208908750000000000000000000000, 322),
       (767, false, 334732369486633630000000000000000000000, 1),
       (769, false, 132801825146410600000000000000000000000, 322),
       (771, false, 46735554716925530000000000000000000000, 322),
       (773, false, 4131242565616744000000000000000000000, 542),
       (775, false, 171653683309432740000000000000000000000, 1),
       (777, false, 18383325759991957000000000000000000000, 1),
       (779, false, 83461055763124830000000000000000000000, 1),
       (782, false, 272563518583495080000000000000000000000, 239),
       (784, false, 120185436206193540000000000000000000000, 239);
INSERT INTO public.serving (id, deleted, amount, fk_servingunitid)
VALUES (786, false, 176180615720919780000000000000000000000, 463),
       (788, false, 193325336558886540000000000000000000000, 114),
       (790, false, 285325089011655100000000000000000000000, 239),
       (792, false, 42319975269463740000000000000000000000, 239),
       (794, false, 161706530461489850000000000000000000000, 463),
       (796, false, 88411926029545000000000000000000000000, 239),
       (798, false, 112662548507331900000000000000000000000, 322),
       (800, false, 312072618088518740000000000000000000000, 13),
       (803, false, 204742690290564530000000000000000000000, 1),
       (805, false, 329619944757118000000000000000000000000, 542);
INSERT INTO public.serving (id, deleted, amount, fk_servingunitid)
VALUES (807, false, 206124003514211620000000000000000000000, 114),
       (819, false, 146527154831707330000000000000000000000, 1),
       (821, false, 266909431823104300000000000000000000000, 665),
       (823, false, 210239203010744530000000000000000000000, 542),
       (825, false, 254860950351789500000000000000000000000, 542),
       (827, false, 100749878050723130000000000000000000000, 463),
       (829, false, 6768442275009299000000000000000000000, 322),
       (831, false, 227820827233983550000000000000000000000, 542),
       (833, false, 81427379116985890000000000000000000000, 1),
       (835, false, 222081716612534270000000000000000000000, 322);
INSERT INTO public.serving (id, deleted, amount, fk_servingunitid)
VALUES (837, false, 133200313647893550000000000000000000000, 1),
       (843, false, 104301104865816900000000000000000000000, 13),
       (845, false, 161947059556979550000000000000000000000, 322),
       (847, false, 834032886083597800000000000000000000, 13),
       (849, false, 329249527110526500000000000000000000000, 463),
       (851, false, 200254943494431750000000000000000000000, 463),
       (853, false, 264028234409267170000000000000000000000, 322),
       (855, false, 149301808747896480000000000000000000000, 114),
       (857, false, 133167253320239600000000000000000000000, 1),
       (859, false, 92096753076698010000000000000000000000, 13);
INSERT INTO public.serving (id, deleted, amount, fk_servingunitid)
VALUES (861, false, 310829042708490050000000000000000000000, 239),
       (866, false, 154071176801375970000000000000000000000, 239),
       (875, false, 73866441617707810000000000000000000000, 808),
       (877, false, 160556923485154870000000000000000000000, 114),
       (879, false, 4567131830408822000000000000000000000, 463),
       (881, false, 41711381286896570000000000000000000000, 1),
       (883, false, 257962211909826240000000000000000000000, 322),
       (885, false, 225197135292474370000000000000000000000, 13),
       (887, false, 188105475905700350000000000000000000000, 1),
       (889, false, 273550054986616700000000000000000000000, 239);
INSERT INTO public.serving (id, deleted, amount, fk_servingunitid)
VALUES (891, false, 97587302768454540000000000000000000000, 1),
       (893, false, 317718997533260130000000000000000000000, 13),
       (898, false, 283248068856193140000000000000000000000, 114),
       (900, false, 9726530303653877000000000000000000000, 114),
       (902, false, 190269994376192450000000000000000000000, 665),
       (904, false, 113608378114379000000000000000000000000, 239),
       (906, false, 269994649995144570000000000000000000000, 463),
       (908, false, 302105983986151540000000000000000000000, 322),
       (910, false, 326075451702012630000000000000000000000, 463),
       (912, false, 163965950326517440000000000000000000000, 114);
INSERT INTO public.serving (id, deleted, amount, fk_servingunitid)
VALUES (914, false, 227028819421370550000000000000000000000, 239),
       (916, false, 38309716960220130000000000000000000000, 665),
       (920, false, 115709412642811670000000000000000000000, 239),
       (922, false, 237061411919768830000000000000000000000, 114),
       (924, false, 269691569948437200000000000000000000000, 665),
       (926, false, 314254660560908400000000000000000000000, 1),
       (928, false, 98251044622734040000000000000000000000, 114),
       (930, false, 175220527579921320000000000000000000000, 542),
       (932, false, 141806079195494140000000000000000000000, 1),
       (934, false, 339052238778477000000000000000000000000, 239);
INSERT INTO public.serving (id, deleted, amount, fk_servingunitid)
VALUES (936, false, 256121704932752470000000000000000000000, 1),
       (938, false, 139472567688184420000000000000000000000, 13),
       (941, false, 237959800970752980000000000000000000000, 1),
       (943, false, 75262986930967240000000000000000000000, 1),
       (945, false, 240679895205108300000000000000000000000, 322),
       (947, false, 330864574822446070000000000000000000000, 1),
       (949, false, 182856388300275300000000000000000000000, 322),
       (951, false, 192544646330832380000000000000000000000, 665),
       (953, false, 265378900912003150000000000000000000000, 665),
       (955, false, 74337541145571820000000000000000000000, 13);
INSERT INTO public.serving (id, deleted, amount, fk_servingunitid)
VALUES (957, false, 296956807530434080000000000000000000000, 665),
       (959, false, 302170583460739170000000000000000000000, 13),
       (963, false, 227757586680839360000000000000000000000, 1),
       (965, false, 33235767961722610000000000000000000000, 239),
       (967, false, 97820367937210100000000000000000000000, 1),
       (969, false, 130572220423500390000000000000000000000, 808),
       (971, false, 128713966338023420000000000000000000000, 463),
       (973, false, 91384272592140940000000000000000000000, 1),
       (975, false, 300505032548906500000000000000000000000, 13),
       (977, false, 220360247097424330000000000000000000000, 114);
INSERT INTO public.serving (id, deleted, amount, fk_servingunitid)
VALUES (979, false, 127083382300347450000000000000000000000, 1),
       (981, false, 172525421274197700000000000000000000000, 1),
       (984, false, 169312170391534380000000000000000000000, 665),
       (986, false, 294883093407737520000000000000000000000, 13),
       (988, false, 149045114571952670000000000000000000000, 239),
       (990, false, 134714841737817430000000000000000000000, 665),
       (992, false, 57490971728778750000000000000000000000, 808),
       (994, false, 135397486797847530000000000000000000000, 322),
       (996, false, 12099875829599877000000000000000000000, 239),
       (998, false, 215183283740549870000000000000000000000, 808);
INSERT INTO public.serving (id, deleted, amount, fk_servingunitid)
VALUES (1000, false, 166939270444774360000000000000000000000, 114),
       (1002, false, 15168421860945942000000000000000000000, 239),
       (1005, false, 187687374314130670000000000000000000000, 239),
       (1014, false, 303768715643049300000000000000000000000, 1),
       (1016, false, 65817773014690710000000000000000000000, 239),
       (1018, false, 16632162797222275000000000000000000000, 239),
       (1020, false, 111196738765276000000000000000000000000, 867),
       (1022, false, 107015945956084880000000000000000000000, 463),
       (1024, false, 269830463889403000000000000000000000000, 463),
       (1026, false, 243834742889317900000000000000000000000, 867);
INSERT INTO public.serving (id, deleted, amount, fk_servingunitid)
VALUES (1028, false, 14382113405431574000000000000000000000, 665),
       (1030, false, 230607021841237180000000000000000000000, 665),
       (1032, false, 299720691487123700000000000000000000000, 542),
       (1035, false, 325253425923186230000000000000000000000, 1),
       (1037, false, 25265348894956405000000000000000000000, 322),
       (1039, false, 244011301264917700000000000000000000000, 13),
       (1041, false, 61572461860550380000000000000000000000, 1),
       (1043, false, 41519976187466910000000000000000000000, 13),
       (1045, false, 50827084641450970000000000000000000000, 1),
       (1047, false, 126872830606251940000000000000000000000, 808);
INSERT INTO public.serving (id, deleted, amount, fk_servingunitid)
VALUES (1049, false, 286225486021190000000000000000000000000, 542),
       (1051, false, 175281537068009100000000000000000000000, 13),
       (1053, false, 321605573708740670000000000000000000000, 463),
       (1056, false, 291438166701376500000000000000000000000, 808),
       (1058, false, 335535897707901500000000000000000000000, 13),
       (1060, false, 286750658453057350000000000000000000000, 665),
       (1062, false, 183231288359389200000000000000000000000, 1),
       (1064, false, 204015565906273600000000000000000000000, 665),
       (1066, false, 336247506048845620000000000000000000000, 239),
       (1068, false, 30254943351912340000000000000000000000, 239);
INSERT INTO public.serving (id, deleted, amount, fk_servingunitid)
VALUES (1070, false, 5839183396608394000000000000000000000, 808),
       (1072, false, 117530752742809980000000000000000000000, 867),
       (1074, false, 222955766771994040000000000000000000000, 665),
       (1078, false, 290581052353935780000000000000000000000, 114),
       (1080, false, 219835480313749060000000000000000000000, 322),
       (1082, false, 186912991915463250000000000000000000000, 463),
       (1084, false, 111426092253074100000000000000000000000, 867),
       (1086, false, 149497351458885290000000000000000000000, 542),
       (1088, false, 79439743540647230000000000000000000000, 463),
       (1090, false, 214491552161017330000000000000000000000, 322);
INSERT INTO public.serving (id, deleted, amount, fk_servingunitid)
VALUES (1092, false, 276839902389148200000000000000000000000, 867),
       (1094, false, 170645485292854430000000000000000000000, 322),
       (1096, false, 83659559705915770000000000000000000000, 114),
       (1100, false, 193237108077110650000000000000000000000, 13),
       (1102, false, 159788788068645370000000000000000000000, 1),
       (1104, false, 71091970243205090000000000000000000000, 239),
       (1106, false, 205608952004736500000000000000000000000, 322),
       (1108, false, 109334042832095840000000000000000000000, 463),
       (1110, false, 56331811737520450000000000000000000000, 808),
       (1112, false, 284866524012926130000000000000000000000, 542);
INSERT INTO public.serving (id, deleted, amount, fk_servingunitid)
VALUES (1114, false, 109373735507690180000000000000000000000, 542),
       (1116, false, 296064543767150230000000000000000000000, 808),
       (1118, false, 20132805282764535000000000000000000000, 665),
       (1121, false, 90264967535753820000000000000000000000, 114),
       (1123, false, 76908539386930710000000000000000000000, 867),
       (1125, false, 278001739658474200000000000000000000000, 808),
       (1127, false, 23295805227984206000000000000000000000, 13),
       (1129, false, 214802988560481400000000000000000000000, 239),
       (1131, false, 205576560996599460000000000000000000000, 867),
       (1133, false, 149450823611254510000000000000000000000, 322);
INSERT INTO public.serving (id, deleted, amount, fk_servingunitid)
VALUES (1135, false, 49942426781768500000000000000000000000, 665),
       (1137, false, 68540443115065710000000000000000000000, 114),
       (1139, false, 298000641740686000000000000000000000000, 239),
       (1142, false, 262798836433551430000000000000000000000, 13),
       (1144, false, 122801826480245400000000000000000000000, 1),
       (1146, false, 18919207304130038000000000000000000000, 13),
       (1148, false, 297640628970221200000000000000000000000, 239),
       (1150, false, 283624449531208100000000000000000000000, 808),
       (1152, false, 286453683411640680000000000000000000000, 239),
       (1154, false, 179508026146037250000000000000000000000, 463);
INSERT INTO public.serving (id, deleted, amount, fk_servingunitid)
VALUES (1156, false, 81917929475659810000000000000000000000, 1),
       (1158, false, 167193368472288900000000000000000000000, 322),
       (1160, false, 138038114551375760000000000000000000000, 808);
-- Ingredient
INSERT INTO public.ingredient (id, deleted, "name")
VALUES (4, false, 'vzN'),
       (16, false, 'S'),
       (117, false, 'aDUPkaJv'),
       (242, false, 'cfhDKx'),
       (325, false, 'WWiHfd'),
       (466, false, 'QqHLVZYg'),
       (545, false, 'IXHZvWxV'),
       (668, false, 'nTgsRKquY'),
       (811, false, 'TUllxCG'),
       (870, false, 'KEOPv');
INSERT INTO public.ingredient (id, deleted, "name")
VALUES (1009, false, 'Fc');
-- Item
INSERT INTO public.item (id, deleted, description, "name")
VALUES (6, false, 'QeDLePMhtI', 'iHbdEwDyuh'),
       (109, false, 'QENFBsRaKh', 'YPyTOSNRRC'),
       (230, false, 'XjhpXCeIUz', 'QTTwGZnDkl'),
       (315, false, 'agoGKKamwO', 'JRVAmIDsyP'),
       (458, false, 'vwDdrZweWy', 'VwPOsQkdeG'),
       (539, false, 'vSehKDWqTv', 'oODjHTsXWI'),
       (658, false, 'uNxNvoqjXr', 'AodrWINLfJ'),
       (801, false, 'ZjNyHSNSOh', 'GWjfNiHJTL'),
       (864, false, 'JRXRcOIyGz', 'TQsNicbrHs'),
       (1003, false, 'QokFHimMNe', 'cInWNQAvrX');
-- Ingredient Items
INSERT INTO public.ingredientitem (id, deleted, fk_ingredientid, fk_itemid, fk_servingid)
VALUES (7, false, 4, 6, 8),
       (9, false, 4, 6, 10),
       (11, false, 4, 6, 12),
       (110, false, 4, 109, 111),
       (112, false, 4, 109, 113),
       (231, false, 16, 230, 232),
       (233, false, 16, 230, 234),
       (235, false, 4, 230, 236),
       (237, false, 4, 230, 238),
       (316, false, 117, 315, 317);
INSERT INTO public.ingredientitem (id, deleted, fk_ingredientid, fk_itemid, fk_servingid)
VALUES (318, false, 16, 315, 319),
       (320, false, 117, 315, 321),
       (459, false, 4, 458, 460),
       (461, false, 4, 458, 462),
       (540, false, 16, 539, 541),
       (659, false, 325, 658, 660),
       (661, false, 16, 658, 662),
       (663, false, 325, 658, 664),
       (802, false, 16, 801, 803),
       (804, false, 4, 801, 805);
INSERT INTO public.ingredientitem (id, deleted, fk_ingredientid, fk_itemid, fk_servingid)
VALUES (806, false, 242, 801, 807),
       (865, false, 242, 864, 866),
       (1004, false, 16, 1003, 1005);
-- Orders
INSERT INTO public."Order" (id, deleted, fk_userid)
VALUES (18, false, 15),
       (119, false, 116),
       (244, false, 5),
       (327, false, 17),
       (468, false, 118),
       (547, false, 467),
       (670, false, 116),
       (813, false, 241),
       (872, false, 467),
       (1011, false, 465);
-- Order Item
INSERT INTO public.orderitem (id, deleted, fk_itemid, fk_orderid)
VALUES (19, false, 6, 18),
       (40, false, 6, 18),
       (41, false, 6, 18),
       (62, false, 6, 18),
       (83, false, 6, 18),
       (84, false, 6, 18),
       (105, false, 6, 18),
       (106, false, 6, 18),
       (107, false, 6, 18),
       (108, false, 6, 18);
INSERT INTO public.orderitem (id, deleted, fk_itemid, fk_orderid)
VALUES (120, false, 109, 119),
       (141, false, 6, 119),
       (162, false, 6, 119),
       (163, false, 6, 119),
       (184, false, 6, 119),
       (205, false, 6, 119),
       (206, false, 109, 119),
       (207, false, 109, 119),
       (208, false, 6, 119),
       (229, false, 6, 119);
INSERT INTO public.orderitem (id, deleted, fk_itemid, fk_orderid)
VALUES (245, false, 6, 244),
       (266, false, 109, 244),
       (267, false, 230, 244),
       (268, false, 6, 244),
       (269, false, 109, 244),
       (270, false, 109, 244),
       (271, false, 109, 244),
       (272, false, 230, 244),
       (293, false, 109, 244),
       (294, false, 6, 244);
INSERT INTO public.orderitem (id, deleted, fk_itemid, fk_orderid)
VALUES (328, false, 230, 327),
       (329, false, 315, 327),
       (330, false, 230, 327),
       (331, false, 109, 327),
       (352, false, 109, 327),
       (373, false, 6, 327),
       (394, false, 315, 327),
       (395, false, 315, 327),
       (416, false, 315, 327),
       (437, false, 109, 327);
INSERT INTO public.orderitem (id, deleted, fk_itemid, fk_orderid)
VALUES (469, false, 315, 468),
       (470, false, 230, 468),
       (471, false, 230, 468),
       (472, false, 315, 468),
       (473, false, 458, 468),
       (494, false, 315, 468),
       (515, false, 109, 468),
       (516, false, 109, 468),
       (517, false, 109, 468),
       (538, false, 109, 468);
INSERT INTO public.orderitem (id, deleted, fk_itemid, fk_orderid)
VALUES (548, false, 6, 547),
       (549, false, 539, 547),
       (570, false, 6, 547),
       (591, false, 539, 547),
       (612, false, 539, 547),
       (633, false, 109, 547),
       (634, false, 315, 547),
       (635, false, 6, 547),
       (656, false, 230, 547),
       (657, false, 539, 547);
INSERT INTO public.orderitem (id, deleted, fk_itemid, fk_orderid)
VALUES (671, false, 658, 670),
       (672, false, 109, 670),
       (693, false, 230, 670),
       (714, false, 6, 670),
       (715, false, 539, 670),
       (716, false, 6, 670),
       (737, false, 230, 670),
       (758, false, 109, 670),
       (759, false, 539, 670),
       (780, false, 458, 670);
INSERT INTO public.orderitem (id, deleted, fk_itemid, fk_orderid)
VALUES (814, false, 230, 813),
       (815, false, 6, 813),
       (816, false, 315, 813),
       (817, false, 458, 813),
       (838, false, 801, 813),
       (839, false, 6, 813),
       (840, false, 109, 813),
       (841, false, 458, 813),
       (862, false, 658, 813),
       (863, false, 801, 813);
INSERT INTO public.orderitem (id, deleted, fk_itemid, fk_orderid)
VALUES (873, false, 6, 872),
       (894, false, 109, 872),
       (895, false, 230, 872),
       (896, false, 864, 872),
       (917, false, 6, 872),
       (918, false, 109, 872),
       (939, false, 315, 872),
       (960, false, 539, 872),
       (961, false, 6, 872),
       (982, false, 801, 872);
INSERT INTO public.orderitem (id, deleted, fk_itemid, fk_orderid)
VALUES (1012, false, 1003, 1011),
       (1033, false, 658, 1011),
       (1054, false, 864, 1011),
       (1075, false, 458, 1011),
       (1076, false, 109, 1011),
       (1097, false, 539, 1011),
       (1098, false, 539, 1011),
       (1119, false, 230, 1011),
       (1140, false, 109, 1011),
       (1161, false, 539, 1011);
-- AddInIngredients
INSERT INTO public.addiningredient (id, deleted, fk_ingredientid, fk_orderitemid, fk_servingid)
VALUES (20, false, 4, 19, 21),
       (22, false, 4, 19, 23),
       (24, false, 4, 19, 25),
       (26, false, 4, 19, 27),
       (28, false, 4, 19, 29),
       (30, false, 4, 19, 31),
       (32, false, 4, 19, 33),
       (34, false, 4, 19, 35),
       (36, false, 4, 19, 37),
       (38, false, 4, 19, 39);
INSERT INTO public.addiningredient (id, deleted, fk_ingredientid, fk_orderitemid, fk_servingid)
VALUES (42, false, 4, 41, 43),
       (44, false, 4, 41, 45),
       (46, false, 4, 41, 47),
       (48, false, 4, 41, 49),
       (50, false, 4, 41, 51),
       (52, false, 4, 41, 53),
       (54, false, 4, 41, 55),
       (56, false, 4, 41, 57),
       (58, false, 4, 41, 59),
       (60, false, 4, 41, 61);
INSERT INTO public.addiningredient (id, deleted, fk_ingredientid, fk_orderitemid, fk_servingid)
VALUES (63, false, 4, 62, 64),
       (65, false, 4, 62, 66),
       (67, false, 4, 62, 68),
       (69, false, 4, 62, 70),
       (71, false, 4, 62, 72),
       (73, false, 4, 62, 74),
       (75, false, 4, 62, 76),
       (77, false, 4, 62, 78),
       (79, false, 4, 62, 80),
       (81, false, 4, 62, 82);
INSERT INTO public.addiningredient (id, deleted, fk_ingredientid, fk_orderitemid, fk_servingid)
VALUES (85, false, 4, 84, 86),
       (87, false, 4, 84, 88),
       (89, false, 4, 84, 90),
       (91, false, 4, 84, 92),
       (93, false, 4, 84, 94),
       (95, false, 4, 84, 96),
       (97, false, 4, 84, 98),
       (99, false, 4, 84, 100),
       (101, false, 4, 84, 102),
       (103, false, 4, 84, 104);
INSERT INTO public.addiningredient (id, deleted, fk_ingredientid, fk_orderitemid, fk_servingid)
VALUES (121, false, 4, 120, 122),
       (123, false, 16, 120, 124),
       (125, false, 4, 120, 126),
       (127, false, 4, 120, 128),
       (129, false, 4, 120, 130),
       (131, false, 16, 120, 132),
       (133, false, 4, 120, 134),
       (135, false, 16, 120, 136),
       (137, false, 16, 120, 138),
       (139, false, 4, 120, 140);
INSERT INTO public.addiningredient (id, deleted, fk_ingredientid, fk_orderitemid, fk_servingid)
VALUES (142, false, 16, 141, 143),
       (144, false, 4, 141, 145),
       (146, false, 16, 141, 147),
       (148, false, 16, 141, 149),
       (150, false, 16, 141, 151),
       (152, false, 4, 141, 153),
       (154, false, 16, 141, 155),
       (156, false, 16, 141, 157),
       (158, false, 4, 141, 159),
       (160, false, 16, 141, 161);
INSERT INTO public.addiningredient (id, deleted, fk_ingredientid, fk_orderitemid, fk_servingid)
VALUES (164, false, 16, 163, 165),
       (166, false, 4, 163, 167),
       (168, false, 4, 163, 169),
       (170, false, 4, 163, 171),
       (172, false, 4, 163, 173),
       (174, false, 4, 163, 175),
       (176, false, 4, 163, 177),
       (178, false, 4, 163, 179),
       (180, false, 4, 163, 181),
       (182, false, 4, 163, 183);
INSERT INTO public.addiningredient (id, deleted, fk_ingredientid, fk_orderitemid, fk_servingid)
VALUES (185, false, 4, 184, 186),
       (187, false, 16, 184, 188),
       (189, false, 4, 184, 190),
       (191, false, 16, 184, 192),
       (193, false, 4, 184, 194),
       (195, false, 16, 184, 196),
       (197, false, 16, 184, 198),
       (199, false, 16, 184, 200),
       (201, false, 16, 184, 202),
       (203, false, 4, 184, 204);
INSERT INTO public.addiningredient (id, deleted, fk_ingredientid, fk_orderitemid, fk_servingid)
VALUES (209, false, 16, 208, 210),
       (211, false, 16, 208, 212),
       (213, false, 4, 208, 214),
       (215, false, 16, 208, 216),
       (217, false, 16, 208, 218),
       (219, false, 16, 208, 220),
       (221, false, 4, 208, 222),
       (223, false, 4, 208, 224),
       (225, false, 16, 208, 226),
       (227, false, 4, 208, 228);
INSERT INTO public.addiningredient (id, deleted, fk_ingredientid, fk_orderitemid, fk_servingid)
VALUES (246, false, 16, 245, 247),
       (248, false, 117, 245, 249),
       (250, false, 117, 245, 251),
       (252, false, 16, 245, 253),
       (254, false, 117, 245, 255),
       (256, false, 117, 245, 257),
       (258, false, 117, 245, 259),
       (260, false, 4, 245, 261),
       (262, false, 117, 245, 263),
       (264, false, 4, 245, 265);
INSERT INTO public.addiningredient (id, deleted, fk_ingredientid, fk_orderitemid, fk_servingid)
VALUES (273, false, 117, 272, 274),
       (275, false, 117, 272, 276),
       (277, false, 117, 272, 278),
       (279, false, 4, 272, 280),
       (281, false, 4, 272, 282),
       (283, false, 4, 272, 284),
       (285, false, 117, 272, 286),
       (287, false, 4, 272, 288),
       (289, false, 117, 272, 290),
       (291, false, 117, 272, 292);
INSERT INTO public.addiningredient (id, deleted, fk_ingredientid, fk_orderitemid, fk_servingid)
VALUES (295, false, 117, 294, 296),
       (297, false, 4, 294, 298),
       (299, false, 4, 294, 300),
       (301, false, 4, 294, 302),
       (303, false, 117, 294, 304),
       (305, false, 4, 294, 306),
       (307, false, 4, 294, 308),
       (309, false, 16, 294, 310),
       (311, false, 4, 294, 312),
       (313, false, 117, 294, 314);
INSERT INTO public.addiningredient (id, deleted, fk_ingredientid, fk_orderitemid, fk_servingid)
VALUES (332, false, 117, 331, 333),
       (334, false, 16, 331, 335),
       (336, false, 4, 331, 337),
       (338, false, 117, 331, 339),
       (340, false, 4, 331, 341),
       (342, false, 16, 331, 343),
       (344, false, 242, 331, 345),
       (346, false, 16, 331, 347),
       (348, false, 117, 331, 349),
       (350, false, 242, 331, 351);
INSERT INTO public.addiningredient (id, deleted, fk_ingredientid, fk_orderitemid, fk_servingid)
VALUES (353, false, 242, 352, 354),
       (355, false, 16, 352, 356),
       (357, false, 242, 352, 358),
       (359, false, 16, 352, 360),
       (361, false, 16, 352, 362),
       (363, false, 4, 352, 364),
       (365, false, 4, 352, 366),
       (367, false, 242, 352, 368),
       (369, false, 16, 352, 370),
       (371, false, 4, 352, 372);
INSERT INTO public.addiningredient (id, deleted, fk_ingredientid, fk_orderitemid, fk_servingid)
VALUES (374, false, 16, 373, 375),
       (376, false, 16, 373, 377),
       (378, false, 242, 373, 379),
       (380, false, 242, 373, 381),
       (382, false, 117, 373, 383),
       (384, false, 117, 373, 385),
       (386, false, 4, 373, 387),
       (388, false, 117, 373, 389),
       (390, false, 16, 373, 391),
       (392, false, 4, 373, 393);
INSERT INTO public.addiningredient (id, deleted, fk_ingredientid, fk_orderitemid, fk_servingid)
VALUES (396, false, 16, 395, 397),
       (398, false, 242, 395, 399),
       (400, false, 16, 395, 401),
       (402, false, 16, 395, 403),
       (404, false, 117, 395, 405),
       (406, false, 4, 395, 407),
       (408, false, 16, 395, 409),
       (410, false, 16, 395, 411),
       (412, false, 117, 395, 413),
       (414, false, 242, 395, 415);
INSERT INTO public.addiningredient (id, deleted, fk_ingredientid, fk_orderitemid, fk_servingid)
VALUES (417, false, 16, 416, 418),
       (419, false, 117, 416, 420),
       (421, false, 4, 416, 422),
       (423, false, 16, 416, 424),
       (425, false, 242, 416, 426),
       (427, false, 4, 416, 428),
       (429, false, 242, 416, 430),
       (431, false, 242, 416, 432),
       (433, false, 16, 416, 434),
       (435, false, 16, 416, 436);
INSERT INTO public.addiningredient (id, deleted, fk_ingredientid, fk_orderitemid, fk_servingid)
VALUES (438, false, 16, 437, 439),
       (440, false, 242, 437, 441),
       (442, false, 242, 437, 443),
       (444, false, 117, 437, 445),
       (446, false, 242, 437, 447),
       (448, false, 242, 437, 449),
       (450, false, 4, 437, 451),
       (452, false, 4, 437, 453),
       (454, false, 242, 437, 455),
       (456, false, 4, 437, 457);
INSERT INTO public.addiningredient (id, deleted, fk_ingredientid, fk_orderitemid, fk_servingid)
VALUES (474, false, 325, 473, 475),
       (476, false, 16, 473, 477),
       (478, false, 4, 473, 479),
       (480, false, 242, 473, 481),
       (482, false, 4, 473, 483),
       (484, false, 16, 473, 485),
       (486, false, 325, 473, 487),
       (488, false, 325, 473, 489),
       (490, false, 242, 473, 491),
       (492, false, 16, 473, 493);
INSERT INTO public.addiningredient (id, deleted, fk_ingredientid, fk_orderitemid, fk_servingid)
VALUES (495, false, 16, 494, 496),
       (497, false, 16, 494, 498),
       (499, false, 242, 494, 500),
       (501, false, 16, 494, 502),
       (503, false, 16, 494, 504),
       (505, false, 242, 494, 506),
       (507, false, 16, 494, 508),
       (509, false, 117, 494, 510),
       (511, false, 325, 494, 512),
       (513, false, 325, 494, 514);
INSERT INTO public.addiningredient (id, deleted, fk_ingredientid, fk_orderitemid, fk_servingid)
VALUES (518, false, 16, 517, 519),
       (520, false, 242, 517, 521),
       (522, false, 325, 517, 523),
       (524, false, 242, 517, 525),
       (526, false, 16, 517, 527),
       (528, false, 325, 517, 529),
       (530, false, 16, 517, 531),
       (532, false, 242, 517, 533),
       (534, false, 117, 517, 535),
       (536, false, 117, 517, 537);
INSERT INTO public.addiningredient (id, deleted, fk_ingredientid, fk_orderitemid, fk_servingid)
VALUES (550, false, 325, 549, 551),
       (552, false, 242, 549, 553),
       (554, false, 242, 549, 555),
       (556, false, 4, 549, 557),
       (558, false, 4, 549, 559),
       (560, false, 466, 549, 561),
       (562, false, 325, 549, 563),
       (564, false, 4, 549, 565),
       (566, false, 466, 549, 567),
       (568, false, 117, 549, 569);
INSERT INTO public.addiningredient (id, deleted, fk_ingredientid, fk_orderitemid, fk_servingid)
VALUES (571, false, 242, 570, 572),
       (573, false, 242, 570, 574),
       (575, false, 16, 570, 576),
       (577, false, 117, 570, 578),
       (579, false, 16, 570, 580),
       (581, false, 242, 570, 582),
       (583, false, 466, 570, 584),
       (585, false, 325, 570, 586),
       (587, false, 117, 570, 588),
       (589, false, 325, 570, 590);
INSERT INTO public.addiningredient (id, deleted, fk_ingredientid, fk_orderitemid, fk_servingid)
VALUES (592, false, 466, 591, 593),
       (594, false, 325, 591, 595),
       (596, false, 117, 591, 597),
       (598, false, 4, 591, 599),
       (600, false, 242, 591, 601),
       (602, false, 242, 591, 603),
       (604, false, 16, 591, 605),
       (606, false, 242, 591, 607),
       (608, false, 325, 591, 609),
       (610, false, 325, 591, 611);
INSERT INTO public.addiningredient (id, deleted, fk_ingredientid, fk_orderitemid, fk_servingid)
VALUES (613, false, 4, 612, 614),
       (615, false, 16, 612, 616),
       (617, false, 117, 612, 618),
       (619, false, 466, 612, 620),
       (621, false, 325, 612, 622),
       (623, false, 117, 612, 624),
       (625, false, 242, 612, 626),
       (627, false, 4, 612, 628),
       (629, false, 117, 612, 630),
       (631, false, 117, 612, 632);
INSERT INTO public.addiningredient (id, deleted, fk_ingredientid, fk_orderitemid, fk_servingid)
VALUES (636, false, 325, 635, 637),
       (638, false, 16, 635, 639),
       (640, false, 117, 635, 641),
       (642, false, 325, 635, 643),
       (644, false, 466, 635, 645),
       (646, false, 242, 635, 647),
       (648, false, 242, 635, 649),
       (650, false, 242, 635, 651),
       (652, false, 325, 635, 653),
       (654, false, 117, 635, 655);
INSERT INTO public.addiningredient (id, deleted, fk_ingredientid, fk_orderitemid, fk_servingid)
VALUES (673, false, 4, 672, 674),
       (675, false, 545, 672, 676),
       (677, false, 242, 672, 678),
       (679, false, 545, 672, 680),
       (681, false, 242, 672, 682),
       (683, false, 545, 672, 684),
       (685, false, 16, 672, 686),
       (687, false, 325, 672, 688),
       (689, false, 117, 672, 690),
       (691, false, 16, 672, 692);
INSERT INTO public.addiningredient (id, deleted, fk_ingredientid, fk_orderitemid, fk_servingid)
VALUES (694, false, 325, 693, 695),
       (696, false, 325, 693, 697),
       (698, false, 325, 693, 699),
       (700, false, 466, 693, 701),
       (702, false, 325, 693, 703),
       (704, false, 466, 693, 705),
       (706, false, 545, 693, 707),
       (708, false, 117, 693, 709),
       (710, false, 4, 693, 711),
       (712, false, 16, 693, 713);
INSERT INTO public.addiningredient (id, deleted, fk_ingredientid, fk_orderitemid, fk_servingid)
VALUES (717, false, 466, 716, 718),
       (719, false, 242, 716, 720),
       (721, false, 117, 716, 722),
       (723, false, 242, 716, 724),
       (725, false, 466, 716, 726),
       (727, false, 466, 716, 728),
       (729, false, 242, 716, 730),
       (731, false, 242, 716, 732),
       (733, false, 117, 716, 734),
       (735, false, 16, 716, 736);
INSERT INTO public.addiningredient (id, deleted, fk_ingredientid, fk_orderitemid, fk_servingid)
VALUES (738, false, 325, 737, 739),
       (740, false, 242, 737, 741),
       (742, false, 4, 737, 743),
       (744, false, 16, 737, 745),
       (746, false, 466, 737, 747),
       (748, false, 242, 737, 749),
       (750, false, 4, 737, 751),
       (752, false, 242, 737, 753),
       (754, false, 242, 737, 755),
       (756, false, 117, 737, 757);
INSERT INTO public.addiningredient (id, deleted, fk_ingredientid, fk_orderitemid, fk_servingid)
VALUES (760, false, 242, 759, 761),
       (762, false, 545, 759, 763),
       (764, false, 4, 759, 765),
       (766, false, 4, 759, 767),
       (768, false, 325, 759, 769),
       (770, false, 4, 759, 771),
       (772, false, 545, 759, 773),
       (774, false, 117, 759, 775),
       (776, false, 117, 759, 777),
       (778, false, 117, 759, 779);
INSERT INTO public.addiningredient (id, deleted, fk_ingredientid, fk_orderitemid, fk_servingid)
VALUES (781, false, 4, 780, 782),
       (783, false, 466, 780, 784),
       (785, false, 117, 780, 786),
       (787, false, 16, 780, 788),
       (789, false, 16, 780, 790),
       (791, false, 4, 780, 792),
       (793, false, 16, 780, 794),
       (795, false, 325, 780, 796),
       (797, false, 545, 780, 798),
       (799, false, 466, 780, 800);
INSERT INTO public.addiningredient (id, deleted, fk_ingredientid, fk_orderitemid, fk_servingid)
VALUES (818, false, 4, 817, 819),
       (820, false, 668, 817, 821),
       (822, false, 242, 817, 823),
       (824, false, 466, 817, 825),
       (826, false, 117, 817, 827),
       (828, false, 668, 817, 829),
       (830, false, 16, 817, 831),
       (832, false, 545, 817, 833),
       (834, false, 117, 817, 835),
       (836, false, 466, 817, 837);
INSERT INTO public.addiningredient (id, deleted, fk_ingredientid, fk_orderitemid, fk_servingid)
VALUES (842, false, 4, 841, 843),
       (844, false, 466, 841, 845),
       (846, false, 668, 841, 847),
       (848, false, 668, 841, 849),
       (850, false, 242, 841, 851),
       (852, false, 545, 841, 853),
       (854, false, 668, 841, 855),
       (856, false, 117, 841, 857),
       (858, false, 466, 841, 859),
       (860, false, 668, 841, 861);
INSERT INTO public.addiningredient (id, deleted, fk_ingredientid, fk_orderitemid, fk_servingid)
VALUES (874, false, 325, 873, 875),
       (876, false, 242, 873, 877),
       (878, false, 16, 873, 879),
       (880, false, 466, 873, 881),
       (882, false, 545, 873, 883),
       (884, false, 811, 873, 885),
       (886, false, 242, 873, 887),
       (888, false, 242, 873, 889),
       (890, false, 466, 873, 891),
       (892, false, 811, 873, 893);
INSERT INTO public.addiningredient (id, deleted, fk_ingredientid, fk_orderitemid, fk_servingid)
VALUES (897, false, 117, 896, 898),
       (899, false, 325, 896, 900),
       (901, false, 242, 896, 902),
       (903, false, 545, 896, 904),
       (905, false, 16, 896, 906),
       (907, false, 668, 896, 908),
       (909, false, 325, 896, 910),
       (911, false, 668, 896, 912),
       (913, false, 117, 896, 914),
       (915, false, 117, 896, 916);
INSERT INTO public.addiningredient (id, deleted, fk_ingredientid, fk_orderitemid, fk_servingid)
VALUES (919, false, 16, 918, 920),
       (921, false, 117, 918, 922),
       (923, false, 466, 918, 924),
       (925, false, 811, 918, 926),
       (927, false, 466, 918, 928),
       (929, false, 16, 918, 930),
       (931, false, 16, 918, 932),
       (933, false, 668, 918, 934),
       (935, false, 811, 918, 936),
       (937, false, 242, 918, 938);
INSERT INTO public.addiningredient (id, deleted, fk_ingredientid, fk_orderitemid, fk_servingid)
VALUES (940, false, 4, 939, 941),
       (942, false, 545, 939, 943),
       (944, false, 545, 939, 945),
       (946, false, 811, 939, 947),
       (948, false, 466, 939, 949),
       (950, false, 466, 939, 951),
       (952, false, 325, 939, 953),
       (954, false, 16, 939, 955),
       (956, false, 811, 939, 957),
       (958, false, 668, 939, 959);
INSERT INTO public.addiningredient (id, deleted, fk_ingredientid, fk_orderitemid, fk_servingid)
VALUES (962, false, 4, 961, 963),
       (964, false, 668, 961, 965),
       (966, false, 16, 961, 967),
       (968, false, 16, 961, 969),
       (970, false, 16, 961, 971),
       (972, false, 811, 961, 973),
       (974, false, 16, 961, 975),
       (976, false, 325, 961, 977),
       (978, false, 16, 961, 979),
       (980, false, 668, 961, 981);
INSERT INTO public.addiningredient (id, deleted, fk_ingredientid, fk_orderitemid, fk_servingid)
VALUES (983, false, 466, 982, 984),
       (985, false, 4, 982, 986),
       (987, false, 16, 982, 988),
       (989, false, 16, 982, 990),
       (991, false, 16, 982, 992),
       (993, false, 545, 982, 994),
       (995, false, 4, 982, 996),
       (997, false, 16, 982, 998),
       (999, false, 117, 982, 1000),
       (1001, false, 545, 982, 1002);
INSERT INTO public.addiningredient (id, deleted, fk_ingredientid, fk_orderitemid, fk_servingid)
VALUES (1013, false, 466, 1012, 1014),
       (1015, false, 4, 1012, 1016),
       (1017, false, 811, 1012, 1018),
       (1019, false, 811, 1012, 1020),
       (1021, false, 325, 1012, 1022),
       (1023, false, 466, 1012, 1024),
       (1025, false, 545, 1012, 1026),
       (1027, false, 466, 1012, 1028),
       (1029, false, 466, 1012, 1030),
       (1031, false, 4, 1012, 1032);
INSERT INTO public.addiningredient (id, deleted, fk_ingredientid, fk_orderitemid, fk_servingid)
VALUES (1034, false, 466, 1033, 1035),
       (1036, false, 117, 1033, 1037),
       (1038, false, 16, 1033, 1039),
       (1040, false, 4, 1033, 1041),
       (1042, false, 870, 1033, 1043),
       (1044, false, 545, 1033, 1045),
       (1046, false, 545, 1033, 1047),
       (1048, false, 545, 1033, 1049),
       (1050, false, 870, 1033, 1051),
       (1052, false, 117, 1033, 1053);
INSERT INTO public.addiningredient (id, deleted, fk_ingredientid, fk_orderitemid, fk_servingid)
VALUES (1055, false, 325, 1054, 1056),
       (1057, false, 811, 1054, 1058),
       (1059, false, 4, 1054, 1060),
       (1061, false, 466, 1054, 1062),
       (1063, false, 117, 1054, 1064),
       (1065, false, 545, 1054, 1066),
       (1067, false, 466, 1054, 1068),
       (1069, false, 4, 1054, 1070),
       (1071, false, 545, 1054, 1072),
       (1073, false, 325, 1054, 1074);
INSERT INTO public.addiningredient (id, deleted, fk_ingredientid, fk_orderitemid, fk_servingid)
VALUES (1077, false, 16, 1076, 1078),
       (1079, false, 242, 1076, 1080),
       (1081, false, 325, 1076, 1082),
       (1083, false, 117, 1076, 1084),
       (1085, false, 870, 1076, 1086),
       (1087, false, 4, 1076, 1088),
       (1089, false, 117, 1076, 1090),
       (1091, false, 325, 1076, 1092),
       (1093, false, 4, 1076, 1094),
       (1095, false, 242, 1076, 1096);
INSERT INTO public.addiningredient (id, deleted, fk_ingredientid, fk_orderitemid, fk_servingid)
VALUES (1099, false, 811, 1098, 1100),
       (1101, false, 545, 1098, 1102),
       (1103, false, 668, 1098, 1104),
       (1105, false, 325, 1098, 1106),
       (1107, false, 242, 1098, 1108),
       (1109, false, 325, 1098, 1110),
       (1111, false, 4, 1098, 1112),
       (1113, false, 4, 1098, 1114),
       (1115, false, 545, 1098, 1116),
       (1117, false, 117, 1098, 1118);
INSERT INTO public.addiningredient (id, deleted, fk_ingredientid, fk_orderitemid, fk_servingid)
VALUES (1120, false, 242, 1119, 1121),
       (1122, false, 16, 1119, 1123),
       (1124, false, 545, 1119, 1125),
       (1126, false, 242, 1119, 1127),
       (1128, false, 4, 1119, 1129),
       (1130, false, 325, 1119, 1131),
       (1132, false, 545, 1119, 1133),
       (1134, false, 545, 1119, 1135),
       (1136, false, 668, 1119, 1137),
       (1138, false, 117, 1119, 1139);
INSERT INTO public.addiningredient (id, deleted, fk_ingredientid, fk_orderitemid, fk_servingid)
VALUES (1141, false, 545, 1140, 1142),
       (1143, false, 811, 1140, 1144),
       (1145, false, 117, 1140, 1146),
       (1147, false, 466, 1140, 1148),
       (1149, false, 242, 1140, 1150),
       (1151, false, 16, 1140, 1152),
       (1153, false, 466, 1140, 1154),
       (1155, false, 4, 1140, 1156),
       (1157, false, 325, 1140, 1158),
       (1159, false, 466, 1140, 1160);
